"자치구별(1)",자치구별(2),2024,2024,2024,2024,2024,2024,2024,2024,2024,2024,2024,2024,2024,2024,2024,2024,2024,2024,2024,2024,2024,2024,2024,2024,2024,2024,2024,2024,2024,2024,2024,2024,2024,2024,2024,2024
"자치구별(1)",자치구별(2),합계,합계,합계,자연공원(국립),자연공원(국립),자연공원(국립),도시공원,도시공원,도시공원,도시공원,도시공원,도시공원,도시공원,도시공원,도시공원,도시공원,도시공원,도시공원,도시공원,도시공원,도시공원,도시공원,도시공원,도시공원,도시공원,도시공원,도시공원,도시공원,도시공원,도시공원,도시공원,도시공원,도시공원,기타,기타,기타
"자치구별(1)",자치구별(2),소계,소계,소계,소계,소계,소계,소계,소계,소계,도시자연공원구역,도시자연공원구역,도시자연공원구역,도시계획시설(공원) ,도시계획시설(공원) ,도시계획시설(공원) ,도시계획시설(공원) ,도시계획시설(공원) ,도시계획시설(공원) ,도시계획시설(공원) ,도시계획시설(공원) ,도시계획시설(공원) ,도시계획시설(공원) ,도시계획시설(공원) ,도시계획시설(공원) ,도시계획시설(공원) ,도시계획시설(공원) ,도시계획시설(공원) ,도시계획시설(공원) ,도시계획시설(공원) ,도시계획시설(공원) ,도시계획시설(공원) ,도시계획시설(공원) ,도시계획시설(공원) ,소계,소계,소계
"자치구별(1)",자치구별(2),소계,소계,소계,소계,소계,소계,소계,소계,소계,소계,소계,소계,근린공원,근린공원,근린공원,어린이공원,어린이공원,소공원,소공원,묘지공원,묘지공원,문화공원,문화공원,체육공원,체육공원,역사공원,역사공원,수변공원,수변공원,생태공원,생태공원,가로공원,가로공원,소계,소계,소계
"자치구별(1)",자치구별(2),공원수 (개소),중복 공원수 (개소),면적 (천㎡),공원수 (개소),중복 공원수 (개소),면적 (천㎡),공원수 (개소),중복 공원수 (개소),면적 (천㎡),공원수 (개소),중복 공원수 (개소),면적 (천㎡),공원수 (개소),중복 공원수 (개소),면적 (천㎡),공원수 (개소),면적 (천㎡),공원수 (개소),면적 (천㎡),공원수 (개소),면적 (천㎡),공원수 (개소),면적 (천㎡),공원수 (개소),면적 (천㎡),공원수 (개소),면적 (천㎡),공원수 (개소),면적 (천㎡),공원수 (개소),면적 (천㎡),공원수 (개소),면적 (천㎡),공원수 (개소),중복 공원수 (개소),면적 (천㎡)
"합계",소계,2982,56,173146.3,1,5,37517.0,2306,48,119371.7,68,19,69221.4,418,29,43366.5,1236,2160.8,446,698.0,4,1939.4,78,881.7,9,291.5,22,510.2,13,225.8,2,51.4,10,24.8,675,3,16257.6
"합계",종로구,108,5,11448.3,-,1,5030.0,70,4,6239.0,3,2,3316.0,23,2,2721.1,20,55.0,16,21.9,-,-,4,11.9,-,-,4,113.0,-,-,-,-,-,-,38,-,179.3
"합계",중구,73,5,3224.5,-,-,-,57,5,3136.5,1,-,1789.8,4,5,1205.4,14,28.5,23,16.9,-,-,9,30.6,1,29.7,5,35.6,-,-,-,-,-,-,16,-,88.0
"합계",용산구,108,4,1791.8,-,-,-,69,4,775.4,-,1,54.9,6,3,555.8,23,41.4,28,57.3,-,-,7,45.1,-,-,3,17.5,-,-,-,-,2,3.5,39,-,1016.4
"합계",성동구,105,1,3085.7,-,-,-,65,1,1231.0,1,-,72.6,10,1,983.9,32,55.8,16,16.6,-,-,2,90.4,1,2.8,-,-,-,-,-,-,3,8.8,40,-,1854.7
"합계",광진구,68,2,3459.8,-,-,-,50,1,2993.9,1,-,2097.5,1,1,837.8,34,40.6,13,14.9,-,-,1,3.2,-,-,-,-,-,-,-,-,-,-,18,1,465.9
"합계",동대문구,90,1,1215.8,-,-,-,74,1,974.7,1,1,96.5,11,-,749.8,34,60.4,24,55.6,-,-,1,2.7,-,-,1,3.9,-,-,-,-,2,5.6,16,-,241.1
"합계",중랑구,109,1,5226.3,-,-,-,73,1,5043.8,2,1,2895.9,13,-,1712.8,44,58.9,12,20.8,1,354.7,-,-,-,-,-,-,-,-,-,-,1,0.6,36,-,182.5
"합계",성북구,126,9,8534.2,-,1,3865.0,83,8,4616.2,5,3,2899.3,12,5,1583.6,35,91.3,25,25.2,-,-,4,12.2,-,-,1,2.8,1,1.8,-,-,-,-,43,-,53.0
"합계",강북구,84,1,14566.5,1,-,11985.0,63,1,2387.1,1,1,412.4,4,-,1862.9,40,70.9,14,14.7,-,-,4,26.3,-,-,-,-,-,-,-,-,-,-,20,-,194.4
"합계",도봉구,81,2,10151.5,-,1,8693.0,52,1,1250.9,1,1,335.3,3,-,755.8,37,48.8,9,10.1,-,-,-,-,1,49.8,-,-,-,-,1,51.1,-,-,29,-,207.6
"합계",노원구,186,1,14741.5,-,-,-,138,1,14407.8,4,-,12798.8,25,1,1238.3,92,162.7,9,17.1,-,-,6,89.1,2,101.8,-,-,-,-,-,-,-,-,48,-,333.7
"합계",은평구,136,5,14398.2,-,1,7695.0,104,4,6598.8,9,2,4406.4,23,2,2000.3,42,74.6,25,47.3,-,-,4,69.9,-,-,-,-,-,-,1,0.3,-,-,32,-,104.5
"합계",서대문구,122,6,5104.8,-,1,249.0,82,5,4836.7,3,2,3661.1,9,3,1024.7,44,111.7,23,31.1,-,-,3,8.0,-,-,-,-,-,-,-,-,-,-,40,-,19.1
"합계",마포구,145,-,4569.6,-,-,-,101,-,3256.4,3,-,164.5,11,-,2826.5,51,84.4,25,35.2,1,13.2,9,127.7,-,-,1,4.8,-,-,-,-,-,-,44,-,1313.3
"합계",양천구,121,1,3047.1,-,-,-,103,1,2624.5,-,1,837.3,18,-,1386.3,74,129.1,9,25.5,-,-,2,246.3,-,-,-,-,-,-,-,-,-,-,18,-,422.6
"합계",강서구,173,-,4518.7,-,-,-,163,-,3436.1,5,-,975.0,23,-,2235.4,121,193.4,7,5.6,-,-,6,24.2,-,-,-,-,-,-,-,-,1,2.6,10,-,1082.5
"합계",구로구,114,2,3712.7,-,-,-,75,2,3329.3,6,-,2003.1,16,2,1205.1,27,55.0,21,35.3,-,-,3,14.4,1,12.8,-,-,-,-,-,-,1,3.7,39,-,383.4
"합계",금천구,55,2,2774.4,-,-,-,47,2,2610.4,-,1,2210.6,2,1,335.8,41,41.4,2,5.2,-,-,2,17.3,-,-,-,-,-,-,-,-,-,-,8,-,164.0
"합계",영등포구,108,-,3002.8,-,-,-,75,-,658.1,1,-,2.2,11,-,520.1,27,77.1,33,49.2,-,-,2,6.6,-,-,1,3.0,-,-,-,-,-,-,33,-,2344.6
"합계",동작구,87,1,4365.8,-,-,-,71,-,4129.6,3,-,568.2,9,-,1994.4,35,49.3,20,20.7,1,1443.6,2,5.5,-,-,1,47.8,-,-,-,-,-,-,16,1,236.2
"합계",관악구,132,3,12472.7,-,-,-,98,3,12411.8,3,1,10418.5,5,2,1858.8,68,78.4,18,23.7,-,-,1,0.4,-,-,-,-,3,32.0,-,-,-,-,34,-,60.9
"합계",서초구,178,1,15074.4,-,-,-,155,1,14270.7,6,1,12337.2,31,-,1435.3,88,160.6,25,56.8,1,127.8,-,-,1,20.9,-,-,3,132.1,-,-,-,-,23,-,803.7
"합계",강남구,167,1,7806.7,-,-,-,154,1,6517.1,5,1,4065.7,62,-,2134.3,62,99.5,18,24.9,-,-,2,38.4,1,44.0,2,96.1,2,14.1,-,-,-,-,13,-,1289.7
"합계",송파구,174,1,4776.8,-,-,-,161,-,2102.5,1,-,44.4,55,-,1781.3,88,153.6,14,43.5,-,-,-,-,-,-,2,75.4,1,4.3,-,-,-,-,13,1,2674.3
"합계",강동구,131,1,3405.7,-,-,-,122,1,2863.5,3,-,758.2,30,1,1751.0,63,138.5,17,22.9,-,-,4,11.5,1,29.8,1,110.2,3,41.5,-,-,-,-,9,-,542.2
"합계",서울대공원,1,-,6670.0,-,-,-,1,-,6670.0,-,-,-,1,-,6670.0,-,-,-,-,-,-,-,-,-,-,-,-,-,-,-,-,-,-,-,-,-
